Rank,Year,Position,Name,Age,Games,Plate_Appearances,At_Bats,Runs,Hits,Doubles,Triples,Home_Runs,Runs_Batted_In,Stolen_Bases,Caught_Stealing,Base_On_Balls,Strikeouts,Batting_Average,On_Base_Percentage,Slugging_Percentage,On_Base_Plus_Slugging_Percentage,On_Base_Plus_Slugging_Percentage_Plus,Total_Bases,Double_Plays_Grounded_Into,Times_Hit_By_Pitch,Sacrifice_Hits,Sacrifice_Flies,Intentional_Bases_on_Balls,Dominant_Hand,Switch_Hitter
1,2023,C,J.T. Realmuto,32,135,540,489,70,123,28,5,20,63,16,5,35,138,0.252,0.31,0.452,0.762,106,221,10,9,0,5,3,Right,No
2,2023,1B,Kody Clemens,27,47,148,139,15,32,7,0,4,13,0,0,8,40,0.23,0.277,0.367,0.644,75,51,1,1,0,0,0,Left,No
3,2023,2B,Bryson Stott,25,151,640,585,78,164,32,2,15,62,31,3,39,100,0.28,0.329,0.419,0.747,104,245,10,7,1,8,1,Left,No
4,2023,SS,Trea Turner,30,155,691,639,102,170,35,5,26,76,30,0,45,150,0.266,0.32,0.459,0.778,111,293,12,6,0,1,2,Right,No
5,2023,3B,Alec Bohm,26,145,611,558,74,153,31,0,20,97,4,1,42,94,0.274,0.327,0.437,0.765,108,244,23,5,0,6,1,Right,No
6,2023,LF,Kyle Schwarber,30,160,720,585,108,115,19,1,47,104,0,2,126,215,0.197,0.343,0.474,0.817,122,277,4,6,0,3,5,,No
7,2023,CF,Brandon Marsh,25,133,472,404,58,112,25,6,12,60,10,2,59,144,0.277,0.372,0.458,0.829,127,185,4,4,1,4,2,Left,No
8,2023,RF,Nick Castellanos,31,157,671,626,79,170,37,2,29,106,11,2,36,185,0.272,0.311,0.476,0.788,112,298,17,3,0,6,0,Right,No
9,2023,DH,Bryce Harper,30,126,546,457,84,134,29,1,21,72,,3,80,119,0.293,0.401,0.499,0.9,146,228,,5,0,4,8,Left,No
10,2023,3B,Edmundo Sosa,27,104,300,279,34,70,15,2,10,30,4,2,8,74,0.251,0.293,0.427,0.719,95,119,10,9,2,1,0,Right,No
11,2023,LF,Jake Cave,30,65,203,184,18,39,8,1,5,21,3,0,15,55,0.212,0.272,0.348,0.62,69,64,3,1,1,2,0,Left,No
12,2023,CF,Johan Rojas,22,59,164,149,24,45,9,2,2,23,14,1,5,42,0.302,0.342,0.43,0.771,111,64,1,4,6,0,0,Right,No
13,2023,C,Garrett Stubbs,30,41,125,113,15,23,4,1,1,12,2,0,9,29,0.204,0.274,0.283,0.557,54,32,0,2,1,0,0,Left,No
14,2023,UT,Josh Harrison,35,40,114,103,8,21,3,0,2,10,0,0,3,20,0.204,0.263,0.291,0.554,53,30,2,6,0,2,0,Right,No
15,2023,OF,Cristian Pache,24,48,95,84,12,20,7,1,2,11,2,3,10,27,0.238,0.319,0.417,0.736,100,35,1,0,1,0,0,Right,No
16,2023,1B,Darick Hall,27,18,56,54,2,9,1,0,1,3,0,0,2,18,0.167,0.196,0.241,0.437,20,13,2,0,0,0,0,Left,No
17,2023,IF,Rodolfo Castro,24,14,32,30,2,3,0,0,0,2,0,0,2,12,0.1,0.156,0.1,0.256,-27,3,0,0,0,0,0,Right,Yes
18,2023,CI,Drew Ellis,27,12,29,23,4,5,0,0,2,4,0,1,6,7,0.217,0.379,,0.858,134,11,0,0,0,0,0,Right,No
19,2023,OF,Dalton Guthrie,27,23,28,24,4,4,1,0,0,0,0,0,3,7,0.167,0.286,0.208,0.494,40,5,0,1,0,0,0,Right,No
20,2023,UT,Weston Wilson,28,8,22,16,5,5,0,0,1,2,3,1,6,5,0.313,0.5,0.5,1,177,8,0,0,0,0,0,Right,No
21,2023,P,Michael Plassmeyer,26,0,0,0,0,0,0,0,0,0,0,0,0,0,0,0,0,0,0,0,0,0,0,0,0,Left,No
22,2023,P,McKinley Moore,24,0,0,0,0,0,0,0,0,0,0,0,0,0,0,0,0,0,0,0,0,0,0,0,0,Right,No
23,2023,P,Dylan Covey,31,0,0,0,0,0,0,0,0,0,0,0,0,0,0,0,0,0,0,0,0,0,0,0,0,Right,No
24,2023,P,Cristopher Sánchez,26,0,0,0,0,0,0,0,0,0,0,0,0,0,0,0,0,0,0,0,0,0,0,0,0,Left,No
25,2023,P,Michael Lorenzen,31,0,0,0,0,0,0,0,0,0,0,0,0,0,0,0,0,0,0,0,0,0,0,0,0,Right,No
26,2023,P,Jeff Hoffman,30,0,0,0,0,0,0,0,0,0,0,0,0,0,0,0,0,0,0,0,0,0,0,0,0,Right,No
27,2023,P,Craig Kimbrel,35,0,0,0,0,0,0,0,0,0,0,0,0,0,0,0,0,0,0,0,0,0,0,0,0,Right,No
28,2023,P,Ranger Suárez,27,0,0,0,0,0,0,0,0,0,0,0,0,0,0,0,0,0,0,0,0,0,0,0,0,Left,No
29,2023,P,Andrew Vasquez,29,0,0,0,0,0,0,0,0,0,0,0,0,0,0,0,0,0,0,0,0,0,0,0,0,Left,No
30,2023,P,Andrew Bellatti,31,0,0,0,0,0,0,0,0,0,0,0,0,0,0,0,0,0,0,0,0,0,0,0,0,Right,No
31,2023,P,Matt Strahm,31,0,0,0,0,0,0,0,0,0,0,0,0,0,0,0,0,0,0,0,0,0,0,0,0,Right,No
32,2023,P,Aaron Nola,30,0,0,0,0,0,0,0,0,0,0,0,0,0,0,0,0,0,0,0,0,0,0,0,0,Right,No
33,2023,P,Connor Brogdon,28,0,0,0,0,0,0,0,0,0,0,0,0,0,0,0,0,0,0,0,0,0,0,0,0,Right,No
34,2023,P,Erich Uelmen,27,0,0,0,0,0,0,0,0,0,0,0,0,0,0,0,0,0,0,0,0,0,0,0,0,Right,No
35,2023,P,Yunior Marte,28,0,0,0,0,0,0,0,0,0,0,0,0,0,0,0,0,0,0,0,0,0,0,0,0,Right,No
36,2023,P,José Alvarado,28,0,0,0,0,0,0,0,0,0,0,0,0,0,0,0,0,0,0,0,0,0,0,0,0,Left,No
37,2023,P,Orion Kerkering,22,0,0,0,0,0,0,0,0,0,0,0,0,0,0,0,0,0,0,0,0,0,0,0,0,Right,No
38,2023,P,Bailey Falter,26,0,0,0,0,0,0,0,0,0,0,0,0,0,0,0,0,0,0,0,0,0,0,0,0,Right,No
39,2023,P,Zack Wheeler,33,0,0,0,0,0,0,0,0,0,0,0,0,0,0,0,0,0,0,0,0,0,0,0,0,Left,No
40,2023,P,Gregory Soto,28,0,0,0,0,0,0,0,0,0,0,0,0,0,0,0,0,0,0,0,0,0,0,0,0,Left,No
41,2023,P,Nick Nelson,27,0,0,0,0,0,0,0,0,0,0,0,0,0,0,0,0,0,0,0,0,0,0,0,0,Right,No
42,2023,P,Seranthony Domínguez,28,0,0,0,0,0,0,0,0,0,0,0,0,0,0,0,0,0,0,0,0,0,0,0,0,Right,No
43,2023,P,Taijuan Walker,30,0,0,0,0,0,0,0,0,0,0,0,0,0,0,0,0,0,0,0,0,0,0,0,0,Right,Yes
44,2023,P,Luis Ortiz,27,0,0,0,0,0,0,0,0,0,0,0,0,0,0,0,0,0,0,0,0,0,0,0,0,Right,No
1,2022,C,J.T. Realmuto,31,139,562,504,75,139,26,5,22,84,21,1,41,119,0.276,0.342,0.478,0.82,130,241,7,12,0,5,1,Right,No
2,2022,1B,Rhys Hoskins,29,156,672,589,81,145,33,2,30,79,2,1,72,169,0.246,0.332,0.462,0.794,123,272,12,6,0,4,0,Right,No
3,2022,2B,Jean Segura,32,98,387,354,45,98,9,0,10,33,13,6,25,58,0.277,0.336,0.387,0.723,105,137,16,7,0,1,1,Right,No
4,2022,SS,Bryson Stott,24,127,466,427,58,100,19,2,10,49,12,4,36,89,0.234,0.295,0.358,0.653,85,153,3,1,1,1,0,Left,No
5,2022,3B,Alec Bohm,25,152,631,586,79,164,24,3,13,72,2,3,31,110,0.28,0.315,0.398,0.713,101,233,18,4,0,10,1,Right,No
6,2022,LF,Kyle Schwarber,29,155,669,577,100,126,21,3,46,94,10,1,86,200,0.218,0.323,0.504,0.827,131,291,10,4,0,2,3,Left,No
7,2022,CF,Matt Vierling,25,117,357,325,41,80,12,2,6,32,7,4,23,70,0.246,0.297,0.351,0.648,84,114,7,3,0,6,0,Right,No
8,2022,RF,Nick Castellanos,30,136,558,524,56,138,27,0,13,62,7,1,29,130,0.263,0.305,0.389,0.694,96,204,15,3,0,2,0,Right,No
9,2022,DH,Bryce Harper,29,99,426,370,63,106,28,1,18,65,11,4,46,87,0.286,0.364,0.514,0.877,146,190,13,3,0,7,9,Left,No
9,2022,DH,Bryce Harper,29,99,426,370,63,106,28,1,18,65,11,4,46,87,0.286,0.364,0.514,0.877,146,190,13,3,0,7,9,Left,No
10,2022,SS,Didi Gregorius,32,63,232,214,17,45,9,4,1,19,1,0,13,36,0.21,0.263,0.304,0.567,61,65,0,3,0,2,0,Left,No
11,2022,CF,Odúbel Herrera,30,62,197,185,23,44,9,1,5,21,6,0,11,42,0.238,0.279,0.378,0.658,85,70,3,0,0,1,0,Left,No
12,2022,SS,Johan Camargo,28,52,166,152,8,36,3,0,3,15,0,0,13,37,0.237,0.297,0.316,0.613,75,48,1,0,1,0,0,Right,Yes
13,2022,DH,Darick Hall,26,41,142,136,19,34,8,1,9,16,0,0,5,44,0.25,0.282,0.522,0.804,122,71,3,1,0,0,0,Left,No
14,2022,CF,Brandon Marsh,24,41,138,132,15,38,9,2,3,15,2,2,6,41,0.288,0.319,0.455,0.773,117,60,2,0,0,0,0,Left,No
15,2022,C,Garrett Stubbs,29,46,121,106,19,28,4,1,5,16,2,0,14,30,0.264,0.35,0.462,0.812,129,49,2,0,1,0,0,Left,No
16,2022,UT,Nick Maton,25,34,85,72,13,18,2,1,5,17,0,0,10,29,0.25,0.341,0.514,0.855,139,37,0,1,0,2,0,Left,No
17,2022,UT,Yairo Muñoz,27,29,60,57,7,12,2,0,3,7,1,0,3,10,0.211,0.25,0.404,0.654,82,23,0,0,0,0,0,Right,No
18,2022,IF,Edmundo Sosa,26,25,59,54,9,17,7,1,2,13,3,0,1,12,0.315,0.345,0.593,0.937,160,32,3,2,1,1,0,Right,No
19,2022,CF,Mickey Moniak,24,18,50,46,4,6,1,0,0,2,0,0,3,19,0.13,0.184,0.152,0.336,-3,7,0,0,1,0,0,Left,No
20,2022,CF,Roman Quinn,29,23,40,37,8,6,1,0,0,3,4,1,3,15,0.162,0.225,0.189,0.414,20,7,0,0,0,0,0,Right,Yes
21,2022,UT,Dalton Guthrie,26,14,28,21,3,7,0,0,1,5,1,0,6,7,0.333,0.5,0.476,0.976,180,10,0,1,0,0,0,Right,No
22,2022,CF,Bradley Zimmer,29,9,16,16,4,4,1,0,0,0,0,0,0,4,0.25,0.25,0.313,0.563,59,5,0,0,0,0,0,Left,No
23,2022,CF,Símon Muzziotti,23,9,9,7,0,1,0,0,0,0,0,0,0,2,0.143,0.25,0.143,0.393,16,1,0,1,1,0,0,Left,No
24,2022,DH,Donny Sands,26,3,4,3,0,0,0,0,0,0,0,0,1,1,0,0.25,0,0.25,-20,0,1,0,0,0,0,Right,No
25,2022,CF,Óscar Mercado,27,1,1,1,0,0,0,0,0,0,0,0,0,1,0,0,0,0,-100,0,0,0,0,0,0,Right,No
26,2022,2B,Scott Kingery,28,1,0,0,0,0,0,0,0,0,0,0,0,0,0,0,0,0,0,0,0,0,0,0,0,Right,No
27,2022,P,José Alvarado,27,1,1,1,0,0,0,0,0,0,0,0,0,1,0,0,0,0,-100,0,0,0,0,0,0,Left,No
28,2022,P,Noah Syndergaard,29,0,0,0,0,0,0,0,0,0,0,0,0,0,0,0,0,0,0,0,0,0,0,0,0,Left,No
29,2022,P,Michael Plassmeyer,25,0,0,0,0,0,0,0,0,0,0,0,0,0,0,0,0,0,0,0,0,0,0,0,0,Left,No
30,2022,P,Corey Knebel,30,0,0,0,0,0,0,0,0,0,0,0,0,0,0,0,0,0,0,0,0,0,0,0,0,Right,No
31,2022,P,Sam Coonrod,29,0,0,0,0,0,0,0,0,0,0,0,0,0,0,0,0,0,0,0,0,0,0,0,0,Right,No
32,2022,P,Kyle Gibson,34,0,0,0,0,0,0,0,0,0,0,0,0,0,0,0,0,0,0,0,0,0,0,0,0,Right,No
33,2022,P,Jeurys Familia,32,1,0,0,0,0,0,0,0,0,0,0,0,0,0,0,0,0,0,0,0,0,0,0,0,Right,No
34,2022,P,Cristopher Sánchez,25,0,0,0,0,0,0,0,0,0,0,0,0,0,0,0,0,0,0,0,0,0,0,0,0,Left,No
35,2022,P,James Norwood,28,0,0,0,0,0,0,0,0,0,0,0,0,0,0,0,0,0,0,0,0,0,0,0,0,Right,No
36,2022,P,Francisco Morales,22,0,0,0,0,0,0,0,0,0,0,0,0,0,0,0,0,0,0,0,0,0,0,0,0,Right,No
37,2022,P,Nick Duron,26,0,0,0,0,0,0,0,0,0,0,0,0,0,0,0,0,0,0,0,0,0,0,0,0,Right,No
38,2022,P,Chris Devenski,31,0,0,0,0,0,0,0,0,0,0,0,0,0,0,0,0,0,0,0,0,0,0,0,0,Right,No
39,2022,P,Ranger Suárez,26,0,0,0,0,0,0,0,0,0,0,0,0,0,0,0,0,0,0,0,0,0,0,0,0,Left,No
40,2022,P,Tyler Cyr,29,0,0,0,0,0,0,0,0,0,0,0,0,0,0,0,0,0,0,0,0,0,0,0,0,Right,No
41,2022,P,Damon Jones,27,0,0,0,0,0,0,0,0,0,0,0,0,0,0,0,0,0,0,0,0,0,0,0,0,Left,No
42,2022,P,JoJo Romero,25,1,0,0,0,0,0,0,0,0,0,0,0,0,0,0,0,0,0,0,0,0,0,0,0,Left,No
43,2022,P,Andrew Bellatti,30,1,0,0,0,0,0,0,0,0,0,0,0,0,0,0,0,0,0,0,0,0,0,0,0,Right,No
44,2022,P,Mark Appel,30,1,0,0,0,0,0,0,0,0,0,0,0,0,0,0,0,0,0,0,0,0,0,0,0,Right,No
45,2022,P,Aaron Nola,29,0,0,0,0,0,0,0,0,0,0,0,0,0,0,0,0,0,0,0,0,0,0,0,0,Right,No
46,2022,P,Connor Brogdon,27,0,0,0,0,0,0,0,0,0,0,0,0,0,0,0,0,0,0,0,0,0,0,0,0,Right,No
47,2022,P,Brad Hand,32,0,0,0,0,0,0,0,0,0,0,0,0,0,0,0,0,0,0,0,0,0,0,0,0,Left,No
48,2022,P,Zach Eflin,28,0,0,0,0,0,0,0,0,0,0,0,0,0,0,0,0,0,0,0,0,0,0,0,0,Right,No
49,2022,P,Bailey Falter,25,0,0,0,0,0,0,0,0,0,0,0,0,0,0,0,0,0,0,0,0,0,0,0,0,Right,No
50,2022,P,Zack Wheeler,32,0,0,0,0,0,0,0,0,0,0,0,0,0,0,0,0,0,0,0,0,0,0,0,0,Left,No
51,2022,P,Bubby Rossman,30,0,0,0,0,0,0,0,0,0,0,0,0,0,0,0,0,0,0,0,0,0,0,0,0,Right,Yes
52,2022,P,Nick Nelson,26,0,0,0,0,0,0,0,0,0,0,0,0,0,0,0,0,0,0,0,0,0,0,0,0,Right,No
53,2022,P,Seranthony Domínguez,27,0,0,0,0,0,0,0,0,0,0,0,0,0,0,0,0,0,0,0,0,0,0,0,0,Right,No
54,2022,P,Vinny Nittoli,31,0,0,0,0,0,0,0,0,0,0,0,0,0,0,0,0,0,0,0,0,0,0,0,0,Right,No
55,2022,P,David Robertson,37,0,0,0,0,0,0,0,0,0,0,0,0,0,0,0,0,0,0,0,0,0,0,0,0,Right,No
56,2022,P,Michael Kelly,29,0,0,0,0,0,0,0,0,0,0,0,0,0,0,0,0,0,0,0,0,0,0,0,0,Right,No
1,2021,C,J.T. Realmuto,30,134,537,476,64,125,25,4,17,73,13,3,48,129,0.263,0.343,0.439,0.782,110,209,8,11,0,2,5,Right,No
2,2021,1B,Rhys Hoskins,28,107,443,389,64,96,29,0,27,71,3,2,47,108,0.247,0.334,0.53,0.864,129,206,7,5,0,2,0,Right,No
3,2021,2B,Jean Segura,31,131,567,514,76,149,27,3,14,58,9,3,39,78,0.29,0.348,0.436,0.784,111,224,16,9,1,4,3,Right,No
4,2021,SS,Didi Gregorius,31,103,408,368,35,77,16,2,13,54,,0,25,67,0.209,0.27,0.37,0.639,71,136,8,8,0,7,1,Left,No
5,2021,3B,Alec Bohm,24,115,417,380,46,94,15,0,7,47,4,0,31,111,0.247,0.305,0.342,0.647,75,130,12,2,0,4,0,Right,No
6,2021,LF,Andrew McCutchen,34,144,574,482,78,107,,1,27,80,6,1,81,132,0.222,0.334,0.444,0.778,109,214,10,4,0,7,2,Right,No
7,2021,CF,Odúbel Herrera,29,124,492,450,59,117,27,2,13,51,6,1,29,77,0.26,0.31,0.416,0.726,95,187,6,6,1,5,0,Left,No
8,2021,RF,Bryce Harper,28,141,599,488,101,151,42,1,35,84,13,3,100,134,0.309,0.429,0.615,1.044,179,300,12,5,2,4,14,Left,No
9,2021,1B,Brad Miller,31,140,377,331,53,75,9,3,20,49,3,0,45,112,0.227,0.321,0.453,0.774,107,150,7,1,0,0,2,Left,No
10,2021,IF,Ronald Torreyes,28,111,344,318,30,77,10,1,7,41,2,1,19,,0.242,0.286,0.346,0.632,71,110,7,1,5,1,2,Right,No
11,2021,C,Andrew Knapp,29,62,159,145,13,22,3,0,2,11,0,0,10,61,0.152,0.215,0.214,0.429,17,31,1,2,1,1,0,Right,Yes
12,2021,CF,Travis Jankowski,30,76,157,131,24,33,6,2,1,10,5,0,22,29,0.252,0.364,0.351,0.715,96,46,1,1,2,0,4,Left,No
13,2021,MI,Nick Maton,24,52,131,117,16,30,7,1,2,14,2,0,10,39,0.256,0.323,0.385,0.708,91,45,0,2,1,1,0,Left,No
14,2021,IF,Freddy Galvis,31,32,120,107,17,24,3,0,5,14,0,0,9,19,0.224,0.292,0.393,0.684,84,42,1,2,0,2,0,Right,Yes
15,2021,UT,Luke Williams,24,58,108,98,8,24,4,0,1,6,2,2,10,23,0.245,0.315,0.316,0.631,72,31,2,0,0,0,0,Right,No
16,2021,UT,Matt Vierling,24,34,77,71,11,23,3,1,2,6,2,0,4,20,0.324,0.364,0.479,0.843,126,34,1,1,0,1,1,Right,No
17,2021,OF,Matt Joyce,36,43,69,55,6,5,1,0,2,7,0,0,12,16,0.091,0.261,0.218,0.479,32,12,2,1,0,1,2,Left,No
18,2021,OF,Roman Quinn,28,28,62,52,8,9,2,2,0,2,4,3,6,19,0.173,0.306,0.288,0.595,63,15,0,4,0,0,0,Right,Yes
19,2021,C,Rafael Marchán,22,20,56,52,7,12,1,1,1,4,0,0,4,10,0.231,0.286,0.346,0.632,71,18,1,0,0,0,0,Right,Yes
20,2021,OF,Mickey Moniak,23,21,37,33,3,3,0,0,1,3,0,0,3,16,0.091,0.167,0.182,0.348,-5,6,0,0,1,0,1,Left,No
21,2021,OF,Adam Haseley,25,9,21,21,2,4,1,0,0,0,0,0,0,4,0.19,0.19,0.238,0.429,16,5,0,0,0,0,0,Left,No
22,2021,UT,Scott Kingery,27,15,19,19,1,1,0,0,0,0,0,0,0,12,0.053,0.053,0.053,0.105,-71,1,0,0,0,0,0,Right,No
23,2021,OF,Jorge Bonifacio,28,7,12,11,0,1,0,0,0,2,0,0,1,6,0.091,0.167,0.091,0.258,-27,1,0,0,0,0,0,Right,No
24,2021,P,Zack Wheeler,31,32,73,68,1,11,2,0,0,3,0,0,0,39,0.162,0.162,0.191,0.353,-5,13,1,0,5,0,0,Left,No
25,2021,P,Aaron Nola,28,31,63,49,5,7,2,0,0,4,0,0,6,29,0.143,0.232,0.184,0.416,15,9,0,0,7,1,0,Right,No
26,2021,P,Zach Eflin,27,17,37,29,1,0,0,0,0,1,0,0,1,15,0,0.065,0,0.065,-80,0,0,1,6,0,0,Right,No
27,2021,P,Kyle Gibson,33,12,28,27,3,4,0,0,1,2,,0,0,9,0.148,0.148,0.259,0.407,8,7,0,0,1,0,0,Right,No
28,2021,P,Vince Velasquez,29,20,26,22,0,2,0,0,0,2,0,0,1,9,0.091,0.13,0.091,0.221,-38,2,0,0,3,0,0,Right,No
29,2021,P,Ranger Suárez,25,35,23,16,2,3,2,0,0,1,0,0,1,5,0.188,0.278,0.313,0.59,60,5,0,1,5,0,0,Left,No
30,2021,P,Matt Moore,32,22,20,19,0,0,0,0,0,0,0,0,0,13,0,0,0,0,-100,0,0,0,1,0,0,Left,No
31,2021,P,Chase Anderson,33,13,14,11,0,0,0,0,0,0,0,0,0,6,0,0,0,0,-100,0,0,0,3,0,0,Right,No
32,2021,P,Spencer Howard,24,10,7,6,0,2,1,0,0,0,0,0,0,3,0.333,0.333,0.5,0.833,122,3,0,0,1,0,0,Right,No
33,2021,P,Bailey Falter,24,21,5,5,0,0,0,0,0,0,0,0,0,5,0,0,0,0,-100,0,0,0,0,0,0,Right,No
34,2021,P,Sam Coonrod,28,40,1,1,0,0,0,0,0,0,0,0,0,1,0,0,0,0,-100,0,0,0,0,0,0,Right,No
35,2021,P,Adonis Medina,24,4,1,1,0,0,0,0,0,0,0,0,0,1,0,0,0,0,-100,0,0,0,0,0,0,Right,No
36,2021,P,Hans Crouse,22,2,1,1,0,0,0,0,0,0,0,0,0,1,0,0,0,0,-100,0,0,0,0,0,0,Left,No
37,2021,P,Archie Bradley,28,49,1,1,0,0,0,0,0,0,0,0,0,1,0,0,0,0,-100,0,0,0,0,0,0,Right,No
38,2021,P,Hector Neris,32,70,1,1,0,0,0,0,0,0,0,0,0,1,0,0,0,0,-100,0,0,0,0,0,0,Right,No
39,2021,P,Ramón Rosso,25,7,1,0,0,0,0,0,0,0,0,0,0,0,0,0,0,0,0,0,0,0,1,0,0,Right,No
40,2021,P,J.D. Hammer,26,19,1,1,0,0,0,0,0,0,0,0,0,1,0,0,0,0,-100,0,0,0,0,0,0,Right,No
41,2021,P,David Hale,33,16,0,0,0,0,0,0,0,0,0,0,0,0,0,0,0,0,0,0,0,0,0,0,0,Right,No
42,2021,P,Cristopher Sánchez,24,5,0,0,0,0,0,0,0,0,0,0,0,0,0,0,0,0,0,0,0,0,0,0,0,Left,No
43,2021,P,Damon Jones,26,1,0,0,0,0,0,0,0,0,0,0,0,0,0,0,0,0,0,0,0,0,0,0,0,Left,No
44,2021,P,JoJo Romero,24,11,0,0,0,0,0,0,0,0,0,0,0,0,0,0,0,0,0,0,0,0,0,0,0,Left,No
45,2021,P,Neftalí Feliz,33,2,0,0,0,0,0,0,0,0,0,0,0,0,0,0,0,0,0,0,0,0,0,0,0,Right,No
46,2021,P,Kyle Dohy,24,1,0,0,0,0,0,0,0,0,0,0,0,0,0,0,0,0,0,0,0,0,0,0,0,Left,No
47,2021,P,Connor Brogdon,26,51,0,0,0,0,0,0,0,0,0,0,0,0,0,0,0,0,0,0,0,0,0,0,0,Right,No
48,2021,P,Ian Kennedy,36,23,0,0,0,0,0,0,0,0,0,0,0,0,0,0,0,0,0,0,0,0,0,0,0,Right,No
49,2021,P,Mauricio Llovera,25,6,0,0,0,0,0,0,0,0,0,0,0,0,0,0,0,0,0,0,0,0,0,0,0,Right,No
50,2021,P,José Alvarado,26,59,0,0,0,0,0,0,0,0,0,0,0,0,0,0,0,0,0,0,0,0,0,0,0,Left,No
51,2021,P,Brandon Kintzler,36,24,0,0,0,0,0,0,0,0,0,0,0,0,0,0,0,0,0,0,0,0,0,0,0,Right,No
52,2021,P,Cam Bedrosian,29,11,0,0,0,0,0,0,0,0,0,0,0,0,0,0,0,0,0,0,0,0,0,0,0,Right,No
53,2021,P,Enyel De Los Santos,25,24,0,0,0,0,0,0,0,0,0,0,0,0,0,0,0,0,0,0,0,0,0,0,0,Right,No
54,2021,P,Seranthony Domínguez,26,1,0,0,0,0,0,0,0,0,0,0,0,0,0,0,0,0,0,0,,0,0,0,0,Right,No
55,2021,P,David Paulino,27,1,0,0,0,0,0,0,0,0,0,0,0,0,0,0,0,0,0,0,0,0,0,0,0,Right,No
1,2020,C,J.T. Realmuto,29,47,195,173,33,46,6,0,11,32,4,1,16,48,0.266,0.349,0.491,0.84,124,85,3,6,0,0,0,Right,No
2,2020,1B,Rhys Hoskins,27,41,185,151,35,37,9,0,10,26,1,0,29,43,0.245,0.384,0.503,0.887,138,76,4,5,0,0,0,Right,No
3,2020,2B,Jean Segura,30,54,217,192,28,51,5,2,7,25,2,2,23,45,0.266,0.347,0.422,0.769,107,81,6,1,1,0,2,Right,No
4,2020,SS,Didi Gregorius,30,60,237,215,34,61,10,2,10,40,3,2,15,28,0.284,0.339,,0.827,120,105,4,4,1,2,3,Left,No
5,2020,3B,Alec Bohm,23,44,180,160,24,54,11,0,4,23,1,1,16,36,0.338,0.4,0.481,0.881,137,77,4,2,0,2,0,Right,No
6,2020,LF,Andrew McCutchen,33,57,241,217,32,55,9,0,10,34,4,0,22,48,0.253,0.324,0.433,0.757,102,94,4,1,0,1,0,Right,No
7,2020,CF,Roman Quinn,27,41,116,108,14,23,3,1,2,7,12,0,5,39,0.213,0.261,0.315,0.576,55,34,0,2,1,0,0,Right,Yes
8,2020,RF,Bryce Harper,27,58,244,190,41,51,9,2,13,33,8,2,49,43,0.268,0.42,0.542,0.962,158,103,5,2,1,2,8,Left,No
9,2020,DH,Phil Gosselin,31,39,102,92,14,23,5,0,3,12,0,0,10,27,0.25,0.324,0.402,0.726,95,37,3,0,0,0,1,Right,No
10,2020,2B,Scott Kingery,26,36,124,113,12,18,5,0,3,6,0,0,9,35,0.159,0.228,0.283,0.511,37,32,1,1,1,0,0,Right,No
11,2020,UT,Jay Bruce,33,32,103,96,11,19,4,2,6,14,0,0,7,24,0.198,0.252,0.469,0.721,89,45,1,0,0,0,1,Left,No
12,2020,CF,Adam Haseley,24,40,92,79,7,22,5,0,0,13,0,0,7,17,0.278,0.348,0.342,0.69,88,27,3,2,3,1,1,Left,No
13,2020,C,Andrew Knapp,28,33,89,72,9,20,4,1,2,15,0,0,15,19,0.278,0.404,0.444,0.849,130,32,1,1,0,1,0,Right,Yes
14,2020,UT,Neil Walker,34,18,41,39,5,9,3,0,0,3,0,0,1,13,0.231,0.244,0.308,0.552,48,12,0,0,0,1,0,Right,Yes
15,2020,OF,Kyle Garlick,28,12,23,22,0,3,1,0,0,3,0,0,0,7,0.136,0.174,0.182,0.356,-3,4,0,1,0,0,0,Right,No
16,2020,OF,Mickey Moniak,22,8,18,14,3,3,0,0,0,0,0,0,4,6,0.214,0.389,0.214,0.603,70,3,0,0,0,0,0,Left,No
17,2020,C,Rafael Marchán,21,3,9,8,3,4,0,0,1,3,0,0,1,2,0.5,0.556,0.875,1.431,279,7,0,0,0,0,0,Right,Yes
18,2020,UT,Ronald Torreyes,27,4,7,7,1,1,1,0,0,0,0,0,0,0,0.143,0.143,0.286,0.429,12,2,1,0,0,0,0,Right,No
19,2020,P,David Hale,32,0,0,0,0,0,0,0,0,0,0,0,0,0,0,0,0,0,0,0,0,0,0,0,0,Right,No
20,2020,P,Deolis Guerra,31,0,0,0,0,0,0,0,0,0,0,0,0,0,0,0,0,0,0,0,0,0,0,0,0,Right,No
21,2020,P,Spencer Howard,23,0,0,0,0,0,0,0,0,0,0,0,0,0,0,0,0,0,0,0,0,0,0,0,0,Right,No
22,2020,P,Jake Arrieta,34,0,0,0,0,0,0,0,0,0,0,0,0,0,0,0,0,0,0,0,0,0,0,0,0,Right,No
23,2020,P,Adonis Medina,23,0,0,0,0,0,0,0,0,0,0,0,0,0,0,0,0,0,0,0,0,0,0,0,0,Right,No
24,2020,P,Nick Pivetta,27,0,0,0,0,0,0,0,0,0,0,0,0,0,0,0,0,0,0,0,0,0,0,0,0,Right,No
25,2020,P,Vince Velasquez,28,0,0,0,0,0,0,0,0,0,0,0,0,0,0,0,0,0,0,0,0,0,0,0,0,Right,No
26,2020,P,Ranger Suárez,24,0,0,0,0,0,0,0,0,0,0,0,0,0,0,0,0,0,0,0,0,0,0,0,0,Left,No
27,2020,P,Brandon Workman,31,0,0,0,0,0,0,0,0,0,0,0,0,0,0,0,0,0,0,0,0,0,0,0,0,Right,No
28,2020,P,JoJo Romero,23,0,0,0,0,0,0,0,0,0,0,0,0,0,0,0,0,0,0,0,0,0,0,0,0,Left,No
29,2020,P,Hector Neris,31,1,0,0,0,0,0,0,0,0,0,0,0,0,0,0,0,0,0,0,0,0,0,0,0,Right,No
30,2020,P,Garrett Cleavinger,26,0,0,0,0,0,0,0,0,0,0,0,0,0,0,0,0,0,0,0,0,0,0,0,0,Right,No
31,2020,P,David Phelps,33,0,0,0,0,0,0,0,0,0,0,0,0,0,0,0,0,0,0,0,0,0,0,0,0,Right,No
32,2020,P,Heath Hembree,31,0,0,0,0,0,0,0,0,0,0,0,0,0,0,0,0,0,0,0,0,0,0,0,0,Right,No
33,2020,P,Ramón Rosso,24,0,0,0,0,0,0,0,0,0,0,0,0,0,0,0,0,0,0,0,0,0,0,0,0,Right,No
34,2020,P,Adam Morgan,30,0,0,0,0,0,0,0,0,0,0,0,0,0,0,0,0,0,0,0,0,0,0,0,0,Left,No
35,2020,P,Tommy Hunter,33,0,0,0,0,0,0,0,0,0,0,0,0,0,0,0,0,0,0,0,0,0,0,0,0,Right,No
36,2020,P,Aaron Nola,27,1,0,0,0,0,0,0,0,0,0,0,0,0,0,0,0,0,0,0,0,0,0,0,0,Right,No
37,2020,P,Connor Brogdon,25,0,0,0,0,0,0,0,0,0,0,0,0,0,0,0,0,0,0,0,0,0,0,0,0,Right,No
38,2020,P,Trevor Kelley,27,1,0,0,0,0,0,0,0,0,0,0,0,0,0,0,0,0,0,0,0,0,0,0,0,Right,No
39,2020,P,Austin Davis,27,1,0,0,0,0,0,0,0,0,0,0,0,0,0,0,0,0,0,0,0,0,0,0,0,Left,No
40,2020,P,Reggie McClain,27,0,0,0,0,0,0,0,0,0,0,0,0,0,0,0,0,0,0,0,0,0,0,0,0,Right,No
41,2020,P,Mauricio Llovera,24,0,0,0,0,0,0,0,0,0,0,0,0,0,0,0,0,0,0,0,0,0,0,0,0,Right,No
42,2020,P,Zach Eflin,26,0,0,0,0,0,0,0,0,0,0,0,0,0,0,0,0,0,0,0,0,0,0,0,0,Right,No
43,2020,P,José Álvarez,31,0,0,0,0,0,0,0,0,0,0,0,0,0,0,0,0,0,0,0,0,0,0,0,0,Left,No
44,2020,P,Zack Wheeler,30,0,0,0,0,0,0,0,0,0,0,0,0,0,0,0,0,0,0,0,0,0,0,0,0,Left,No
45,2020,P,Blake Parker,35,1,0,0,0,0,0,0,0,0,0,0,0,0,0,0,0,0,0,0,0,0,0,0,0,Right,No
46,2020,P,Cole Irvin,26,0,0,0,0,0,0,0,0,0,0,0,0,0,0,0,0,0,0,0,0,0,0,0,0,Left,No
1,2019,C,J.T. Realmuto,28,145,593,538,92,148,36,3,25,83,9,1,41,123,0.275,0.328,0.493,0.82,109,265,12,5,0,8,2,Right,No
2,2019,1B,Rhys Hoskins,26,160,705,570,86,129,33,5,29,85,2,2,116,173,0.226,0.364,0.454,0.819,111,259,10,11,0,6,6,Right,No
3,2019,2B,César Hernández,29,161,667,612,77,171,31,3,14,71,9,2,45,100,0.279,0.333,0.408,0.741,92,250,9,6,0,4,4,Right,Yes
4,2019,SS,Jean Segura,29,144,618,576,79,161,37,4,12,60,10,2,30,73,0.28,0.323,0.42,0.743,91,242,,8,1,3,1,Right,No
5,2019,3B,Maikel Franco,26,123,428,389,48,91,17,0,17,56,0,0,36,61,0.234,0.297,0.409,0.705,81,159,14,0,0,3,19,Right,No
5,2019,3B,Maikel Franco,26,123,428,389,48,91,17,0,17,56,0,0,36,61,0.234,0.297,0.409,0.705,81,159,14,0,0,3,19,Right,No
6,2019,LF,Andrew McCutchen,32,59,262,219,45,56,12,1,10,29,2,1,43,55,0.256,0.378,0.457,0.834,116,100,1,0,0,0,0,Right,No
7,2019,CF,Scott Kingery,25,126,500,458,64,118,,4,19,55,15,4,34,147,0.258,0.315,0.474,0.788,101,217,3,5,1,2,1,Right,No
8,2019,RF,Bryce Harper,26,157,682,573,98,149,36,1,35,114,,3,99,178,0.26,0.372,0.51,0.882,126,292,10,6,0,4,11,Left,No
9,2019,OF,Adam Haseley,23,67,242,222,30,59,14,0,5,26,4,0,14,60,0.266,0.324,0.396,0.72,86,88,7,5,1,0,1,Left,No
10,2019,C,Andrew Knapp,27,74,160,136,12,29,9,0,2,8,0,0,18,,0.213,0.318,0.324,0.642,68,44,2,3,3,0,2,Right,Yes
11,2019,LF,Jay Bruce,32,51,149,145,16,32,6,0,12,31,0,0,3,29,0.221,0.235,0.51,0.745,85,74,4,0,0,1,0,Left,No
12,2019,UT,Sean Rodríguez,34,76,139,112,24,25,5,0,4,12,1,1,19,41,0.223,0.348,0.375,0.723,89,42,2,3,4,1,0,Right,No
13,2019,CF,Odúbel Herrera,27,39,139,126,12,28,10,1,1,16,2,2,11,33,0.222,0.288,0.341,0.629,63,43,0,1,0,1,0,Left,No
14,2019,LF,Corey Dickerson,30,34,137,133,13,39,10,2,8,34,0,0,3,33,0.293,0.307,0.579,0.886,122,77,1,0,0,1,0,Left,No
15,2019,UT,Brad Miller,29,66,130,118,22,31,3,1,12,21,1,0,11,35,0.263,0.331,0.61,0.941,136,72,2,1,0,0,0,Left,No
16,2019,CF,Roman Quinn,26,44,122,108,18,23,3,1,4,11,8,0,12,34,0.213,0.298,0.37,0.668,72,40,2,1,1,0,0,Right,Yes
17,2019,LF,Nick Williams,25,67,112,106,9,16,4,0,2,5,0,0,4,43,0.151,0.196,0.245,0.442,14,26,1,2,0,0,0,Left,No
18,2019,UT,Phil Gosselin,30,44,68,65,5,17,3,0,0,7,0,0,3,16,0.262,0.294,0.308,0.602,57,20,1,0,0,0,0,Right,No
19,2019,1B,Logan Morrison,31,29,38,35,5,7,1,0,2,3,0,0,3,10,0.2,0.263,0.4,0.663,69,14,1,0,0,0,0,Left,No
20,2019,OF,Aaron Altherr,28,22,30,29,2,1,1,0,0,1,0,0,1,9,0.034,0.067,0.069,0.136,-65,2,1,0,0,0,0,Right,No
21,2019,OF,José Pirela,29,12,19,17,1,4,1,0,1,2,0,0,2,4,0.235,0.316,0.471,0.786,100,8,0,0,0,0,0,Right,No
22,2019,C,Deivy Grullón,23,4,9,9,0,1,1,0,0,1,0,0,0,2,0.111,0.111,0.222,0.333,-17,2,1,0,0,0,0,Right,No
23,2019,,Mitch Walding,26,2,2,2,0,0,0,0,0,0,0,0,0,2,0,0,0,0,-100,0,0,0,0,0,0,Left,No
24,2019,,Dylan Cozens,25,1,1,1,0,0,0,0,0,0,0,0,0,0,0,0,0,0,-100,0,0,0,0,0,0,,No
25,2019,,Rob Brantly,29,1,1,1,0,0,0,0,0,0,0,0,0,1,0,0,0,0,-100,0,0,0,0,0,0,Left,No
26,2019,P,Aaron Nola,26,32,70,59,6,7,2,0,0,2,0,0,6,35,0.119,0.2,0.153,0.353,-6,9,0,0,5,0,0,Right,No
27,2019,P,Zach Eflin,25,31,52,50,3,8,1,0,0,2,0,0,0,27,0.16,0.16,0.18,0.34,-12,9,0,0,2,0,0,Right,No
28,2019,P,Jake Arrieta,33,23,50,45,2,7,1,0,0,4,0,0,1,19,0.156,0.174,0.178,0.352,-8,8,1,0,4,0,0,Right,No
29,2019,P,Vince Velasquez,27,33,36,30,2,7,0,0,1,3,0,0,2,9,0.233,0.281,0.333,0.615,59,10,1,0,4,0,0,Right,No
30,2019,P,Nick Pivetta,26,29,27,25,1,2,0,0,0,0,0,0,1,19,0.08,0.115,0.08,0.195,-47,2,0,0,1,0,0,Right,No
31,2019,P,Jerad Eickhoff,28,12,19,14,0,0,0,0,0,0,0,0,1,7,0,0.067,0,0.067,-80,0,0,0,4,0,0,Right,No
32,2019,P,Drew Smyly,30,10,19,18,1,0,0,0,0,0,0,0,1,8,0,0.053,0,0.053,-84,0,0,0,0,0,0,Left,No
33,2019,P,Jason Vargas,36,10,14,12,0,1,0,0,0,0,0,0,0,6,0.083,0.083,0.083,0.167,-56,1,0,0,2,0,0,Left,No
34,2019,P,Cole Irvin,25,14,8,6,1,1,0,0,0,0,0,0,2,2,0.167,0.375,0.167,0.542,50,1,0,0,0,0,0,Left,No
35,2019,P,Ranger Suárez,23,34,5,4,0,1,0,0,0,0,0,0,0,2,0.25,0.25,0.25,0.5,31,1,0,0,1,0,0,Left,No
36,2019,P,Juan Nicasio,32,45,2,2,0,0,0,0,0,0,0,0,0,1,0,0,0,0,-100,0,0,0,0,0,0,Right,No
37,2019,P,Hector Neris,30,63,1,1,0,0,0,0,0,0,0,0,0,1,0,0,0,0,-100,0,0,0,0,0,0,Right,No
38,2019,P,Drew Anderson,25,2,1,1,0,0,0,0,0,0,0,0,0,1,0,0,0,0,-100,0,0,0,0,0,0,Right,No
39,2019,P,J.D. Hammer,24,20,1,1,0,0,0,0,0,0,0,0,0,0,0,0,0,0,-100,0,0,0,0,0,0,Right,No
40,2019,P,Enyel De Los Santos,23,5,1,1,0,0,0,0,0,0,0,0,0,1,0,0,0,0,-100,0,0,0,0,0,0,Right,No
41,2019,P,Blake Parker,34,22,1,1,0,0,0,0,0,0,0,0,0,1,0,0,0,0,-100,0,0,0,0,0,0,Right,No
42,2019,P,Seranthony Domínguez,24,26,1,1,0,0,0,0,0,0,0,0,0,1,0,0,0,0,-100,0,0,0,0,0,0,Right,No
43,2019,P,Pat Neshek,38,20,0,0,0,0,0,0,0,0,0,0,0,0,0,0,0,0,0,0,0,0,0,0,0,Right,Yes
44,2019,P,Nick Vincent,32,12,0,0,0,0,0,0,0,0,0,0,0,0,0,0,0,0,0,0,0,0,0,0,0,Right,No
45,2019,P,Edgar García,22,35,0,0,0,0,0,0,0,0,0,0,0,0,0,0,0,0,0,0,0,0,0,0,0,Right,No
46,2019,P,Víctor Arano,24,3,0,0,0,0,0,0,0,0,0,0,0,0,0,0,0,0,0,0,0,0,0,0,0,Right,No
47,2019,P,Fernando Salas,34,3,0,0,0,0,0,0,0,0,0,0,0,0,0,0,0,0,0,0,0,0,0,0,0,Right,No
48,2019,P,Adam Morgan,29,38,0,0,0,0,0,0,0,0,0,0,0,0,0,0,0,0,0,0,0,0,0,0,0,Left,No
49,2019,P,Tommy Hunter,32,5,0,0,0,0,0,0,0,0,0,0,0,0,0,0,0,0,0,0,0,0,0,0,0,Right,No
50,2019,P,Mike Morin,28,25,0,0,0,0,0,0,0,0,0,0,0,0,0,0,0,0,0,0,0,0,0,0,0,Right,No
51,2019,P,Jared Hughes,33,22,0,0,0,0,0,0,0,0,0,0,0,0,0,0,0,0,0,0,0,0,0,0,0,Right,No
52,2019,P,Austin Davis,26,13,0,0,0,0,0,0,0,0,0,0,0,0,0,0,0,0,0,0,0,0,0,0,0,Left,No
53,2019,P,José Álvarez,30,62,0,0,0,0,0,0,0,0,0,0,0,0,0,0,0,0,0,0,0,0,0,0,0,Left,No
54,2019,P,Edubray Ramos,26,18,0,0,0,0,0,0,0,0,0,0,0,0,0,0,0,0,0,0,0,0,0,0,0,Right,No
55,2019,P,David Robertson,34,7,0,0,0,0,0,0,0,0,0,0,0,0,0,0,0,0,0,0,0,0,0,0,0,Right,No
56,2019,P,Yacksel Ríos,26,4,0,0,0,0,0,0,0,0,0,0,0,0,0,0,0,0,0,0,0,0,0,0,0,Right,No
1,2018,C,Jorge Alfaro,25,108,377,344,35,90,16,2,10,37,3,0,18,138,0.262,0.324,0.407,0.731,95,140,2,14,0,1,6,Right,No
2,2018,1B,Carlos Santana,32,161,679,560,82,128,28,2,24,86,2,1,110,93,0.229,0.352,0.414,0.766,105,232,12,1,0,8,6,Right,Yes
3,2018,2B,César Hernández,28,161,708,605,91,153,15,3,15,60,19,6,95,155,0.253,0.356,0.362,0.718,94,219,12,4,1,3,4,Right,Yes
4,2018,SS,Scott Kingery,24,147,484,452,55,102,23,2,8,35,10,3,24,126,0.226,0.267,0.338,0.605,61,153,2,3,0,5,1,Right,No
5,2018,3B,Maikel Franco,25,131,465,433,48,117,17,1,22,68,1,0,29,62,0.27,0.314,0.467,0.78,106,202,15,0,0,3,7,Right,No
6,2018,LF,Rhys Hoskins,25,153,660,558,89,137,38,0,34,96,5,3,87,150,0.246,0.354,0.496,0.85,125,277,7,9,0,5,2,Right,No
7,2018,CF,Odúbel Herrera,26,148,597,550,64,140,19,3,22,71,5,2,38,122,0.255,0.31,0.42,0.73,94,231,11,7,1,1,3,Left,No
8,2018,RF,Nick Williams,24,140,448,407,53,104,12,3,17,50,3,2,32,111,0.256,0.324,0.425,0.749,99,173,4,9,0,0,2,Left,No
9,2018,RF,Aaron Altherr,27,105,285,243,28,44,11,1,8,38,3,2,36,91,0.181,0.295,0.333,0.628,69,81,13,4,0,2,0,Right,No
10,2018,C,Andrew Knapp,26,84,215,187,19,37,6,2,4,15,1,0,24,75,0.198,0.294,,0.61,64,59,2,2,1,1,1,Right,Yes
11,2018,IF,Asdrúbal Cabrera,32,49,185,171,20,39,13,0,5,17,0,0,12,38,0.228,0.286,0.392,0.678,80,67,4,2,0,0,0,Right,Yes
12,2018,CF,Roman Quinn,25,50,143,131,13,34,6,4,2,12,10,4,10,35,0.26,0.317,0.412,0.729,94,54,1,1,1,0,0,Right,Yes
13,2018,SS,J.P. Crawford,23,49,138,117,17,25,6,3,3,12,2,0,13,37,0.214,0.319,0.393,0.712,90,46,2,5,2,0,0,Left,No
14,2018,C,Wilson Ramos,30,33,101,89,9,30,8,1,1,17,0,0,10,19,0.337,0.396,0.483,0.879,135,43,3,0,0,2,1,Right,No
15,2018,UT,Jesmuel Valentín,24,46,89,79,8,14,5,1,1,6,0,0,8,24,0.177,0.258,0.304,0.562,51,24,1,1,0,1,0,Right,Yes
16,2018,SS,Pedro Florimón,31,50,76,71,13,16,6,1,2,5,1,2,5,30,0.225,0.276,0.423,0.699,84,30,0,0,0,0,0,Right,Yes
17,2018,RF,José Bautista,37,27,57,45,12,11,4,0,2,6,2,1,11,15,0.244,0.404,0.467,0.87,133,21,0,1,0,0,0,Right,No
18,2018,1B,Justin Bour,30,29,54,49,6,11,3,0,1,5,1,0,4,13,0.224,0.296,0.347,0.643,72,17,2,1,0,0,0,Left,No
19,2018,OF,Dylan Cozens,24,26,44,38,2,6,2,0,1,2,1,0,6,24,0.158,0.273,0.289,0.562,52,11,0,0,0,0,0,Left,No
20,2018,3B,Mitch Walding,25,13,19,17,1,1,0,0,1,2,0,0,2,12,0.059,0.158,0.235,0.393,4,4,1,0,0,0,0,Left,No
21,2018,UT,Trevor Plouffe,32,7,12,12,1,3,0,0,1,3,0,0,0,6,0.25,0.25,0.5,0.75,95,6,0,0,0,0,0,Right,No
22,2018,P,Aaron Nola,25,32,70,62,0,3,1,0,0,4,0,0,1,36,0.048,0.063,0.065,0.128,-65,4,3,0,7,0,0,Right,No
23,2018,P,Jake Arrieta,32,28,50,45,3,6,0,0,1,3,0,0,3,27,0.133,0.188,0.2,0.388,4,9,1,0,2,0,0,Right,No
23,2018,P,Jake Arrieta,32,28,50,45,3,6,0,0,1,3,0,0,3,27,0.133,0.188,0.2,0.388,4,9,1,0,2,0,0,Right,No
24,2018,P,Zach Eflin,24,25,50,44,3,4,0,0,1,1,0,0,0,31,0.091,0.091,0.159,0.25,-35,7,0,0,6,0,0,Right,No
25,2018,P,Nick Pivetta,25,31,45,40,3,4,1,0,0,1,0,0,2,20,0.1,0.143,0.125,0.268,-27,5,2,0,3,0,0,Right,No
26,2018,P,Vince Velasquez,26,30,45,40,2,9,1,0,0,1,0,0,0,11,0.225,0.225,0.25,0.475,28,10,2,0,5,0,0,Right,No
27,2018,P,Ben Lively,26,5,7,7,0,0,0,0,0,0,0,0,0,2,0,0,0,0,-100,0,0,0,0,0,0,Right,No
28,2018,P,Ranger Suárez,22,4,6,6,0,1,0,1,0,0,0,0,0,2,0.167,0.167,0.5,0.667,69,3,0,0,0,0,0,Left,No
29,2018,P,Enyel De Los Santos,22,7,5,3,0,0,0,0,0,0,0,0,0,2,0,0,0,0,-100,0,0,0,2,0,0,Right,No
30,2018,P,Drew Hutchison,27,10,4,3,0,1,0,0,0,0,0,0,1,1,0.333,0.5,0.333,0.833,131,1,0,0,0,0,0,Left,No
31,2018,P,Drew Anderson,24,5,4,3,0,0,0,0,0,0,0,0,0,1,0,0,0,0,-100,0,0,0,1,0,0,Right,No
32,2018,P,Austin Davis,25,31,3,3,0,0,0,0,0,0,0,0,0,3,0,0,0,0,-100,0,0,0,0,0,0,Left,No
33,2018,P,Mark Leiter Jr.,27,12,3,3,0,0,0,0,0,0,0,0,0,2,0,0,0,0,-100,0,0,0,0,0,0,Right,No
34,2018,P,Jake Thompson,24,9,2,2,0,0,0,0,0,0,0,0,0,2,0,0,0,0,-100,0,0,0,0,0,0,Right,No
35,2018,P,Seranthony Domínguez,23,48,2,1,0,0,0,0,0,0,0,0,1,1,0,0.5,0,0.5,52,0,0,0,0,0,0,Right,No
36,2018,P,Jerad Eickhoff,27,3,1,1,0,0,0,0,0,0,0,0,0,1,0,0,0,0,-100,0,0,0,0,0,0,Right,No
37,2018,P,Hector Neris,29,49,1,1,0,0,0,0,0,0,0,0,0,1,0,0,0,0,-100,0,0,0,0,0,0,Right,No
38,2018,P,Tommy Hunter,31,60,1,1,0,0,0,0,0,0,0,0,0,0,0,0,0,0,-100,0,0,0,0,0,0,Right,No
39,2018,P,Yacksel Ríos,25,35,1,1,0,0,0,0,0,0,0,0,0,1,0,0,0,0,-100,0,0,0,0,0,0,Right,No
40,2018,P,Pat Neshek,37,29,0,0,0,0,0,0,0,0,0,0,0,0,0,0,0,0,0,0,0,0,0,0,0,Right,Yes
41,2018,P,Luis Avilán,28,11,0,0,0,0,0,0,0,0,0,0,0,0,0,0,0,0,0,0,0,0,0,0,0,Left,No
42,2018,P,Luis García,31,53,0,0,0,0,0,0,0,0,0,0,0,0,0,0,0,0,0,0,0,0,0,0,0,Right,No
43,2018,P,Hoby Milner,27,9,0,0,0,0,0,0,0,0,0,0,0,0,0,0,0,0,0,0,0,0,0,0,0,Left,No
44,2018,P,Aaron Loup,30,9,0,0,0,0,0,0,0,0,0,0,0,0,0,0,0,0,0,0,0,0,0,0,0,Left,No
45,2018,P,Víctor Arano,23,58,0,0,0,0,0,0,0,0,0,0,0,0,0,0,0,0,0,0,0,0,0,0,0,Right,No
46,2018,P,Adam Morgan,28,64,0,0,0,0,0,0,0,0,0,0,0,0,0,0,0,0,0,0,0,0,0,0,0,Left,No
47,2018,P,Zac Curtis,25,7,0,0,0,0,0,0,0,0,0,0,0,0,0,0,0,0,0,0,0,0,0,0,0,Left,No
48,2018,P,Edubray Ramos,25,48,0,0,0,0,0,0,0,0,0,0,0,0,0,0,0,0,0,0,0,0,0,0,0,Right,No
1,2017,C,Cameron Rupp,28,88,331,295,35,64,17,0,14,34,1,0,34,114,0.217,0.299,0.417,0.716,87,123,5,1,0,1,3,Right,No
2,2017,1B,Tommy Joseph,25,142,533,495,51,119,27,1,22,69,1,0,33,129,0.24,0.289,0.432,0.721,87,214,21,2,0,3,1,Right,No
3,2017,2B,César Hernández,27,128,577,511,85,150,26,6,9,34,15,5,61,104,0.294,0.373,0.421,0.793,110,215,8,4,0,1,1,Right,Yes
4,2017,SS,Freddy Galvis,27,162,663,608,71,155,29,6,12,61,14,5,45,111,0.255,0.309,0.382,0.69,81,232,12,4,2,4,2,Right,Yes
5,2017,3B,Maikel Franco,24,154,623,575,66,132,29,1,24,76,0,0,41,95,0.23,0.281,0.409,0.69,79,235,21,2,0,5,3,Right,No
6,2017,LF,Aaron Altherr,26,107,412,372,58,101,24,5,19,65,5,4,32,104,0.272,0.34,0.516,0.856,122,192,12,7,0,1,2,Right,No
7,2017,CF,Odúbel Herrera,25,138,563,526,67,148,42,3,14,56,8,5,31,126,0.281,0.325,0.452,0.778,103,238,13,4,0,2,4,Left,No
8,2017,RF,Nick Williams,23,83,343,313,45,90,14,4,12,55,1,2,20,97,0.288,0.338,0.473,0.811,111,148,8,6,0,4,0,Left,No
9,2017,LF,Daniel Nava,34,80,214,183,21,55,8,1,4,21,1,0,26,38,0.301,0.393,0.421,0.813,116,77,2,3,0,2,0,Right,Yes
10,2017,RF,Michael Saunders,30,61,214,200,25,41,9,2,6,20,0,1,13,51,0.205,0.257,0.36,0.617,61,72,2,1,0,0,2,Left,No
11,2017,UT,Rhys Hoskins,24,50,212,170,37,44,7,0,18,48,2,0,37,46,0.259,0.396,0.618,1.014,162,105,2,3,0,2,1,Right,No
11,2017,UT,Rhys Hoskins,24,50,212,170,37,44,7,0,18,48,2,0,37,46,0.259,0.396,0.618,1.014,162,105,2,3,0,2,1,Right,No
12,2017,C,Andrew Knapp,25,56,204,171,26,44,8,1,3,13,1,0,31,56,0.257,0.368,0.368,0.736,96,63,,0,0,2,4,Right,Yes
13,2017,LF,Howie Kendrick,33,39,156,141,16,48,8,1,2,16,8,3,11,30,0.34,0.397,0.454,0.851,125,64,4,3,0,1,0,Right,No
14,2017,IF,Andrés Blanco,33,80,144,130,10,25,4,0,3,13,1,0,12,34,0.192,0.257,0.292,0.549,45,38,1,0,0,2,0,Right,Yes
15,2017,C,Jorge Alfaro,24,29,114,107,12,34,6,0,5,14,0,0,3,33,0.318,0.36,0.514,0.874,127,55,2,4,0,0,1,Right,No
16,2017,UT,Ty Kelly,28,69,104,88,11,17,7,0,2,14,0,0,8,24,0.193,0.26,0.341,0.601,57,30,0,1,4,3,0,Right,Yes
17,2017,OF,Cameron Perkins,26,42,97,88,9,16,5,0,1,8,0,0,5,23,0.182,0.237,0.273,0.51,35,24,1,2,0,2,0,Right,No
18,2017,OF,Hyun Soo Kim,29,40,97,87,9,20,4,1,0,4,0,0,10,19,0.23,0.309,0.299,0.608,62,26,1,0,0,0,1,Left,No
19,2017,1B,Brock Stassi,27,51,90,78,6,13,2,1,2,7,0,0,12,22,0.167,0.278,0.295,0.573,52,23,3,0,0,0,0,Left,No
20,2017,IF,J.P. Crawford,22,23,87,70,8,15,4,1,0,6,1,0,16,22,0.214,0.356,0.3,0.656,77,21,1,0,0,1,0,Left,No
21,2017,UT,Pedro Florimón,30,15,49,46,6,16,4,1,0,6,0,0,3,16,0.348,0.388,0.478,0.866,128,22,1,0,0,0,0,Right,Yes
22,2017,P,Aaron Nola,24,25,54,48,3,4,0,0,0,1,0,0,4,25,0.083,0.154,0.083,0.237,-34,4,0,0,2,0,0,Right,No
23,2017,P,Nick Pivetta,24,25,48,44,3,3,0,0,0,0,0,0,0,21,0.068,0.068,0.068,0.136,-64,3,1,0,4,0,0,Right,No
24,2017,P,Jeremy Hellickson,30,20,39,33,1,3,1,1,0,2,0,0,3,9,0.091,0.167,0.182,0.348,-8,6,0,0,3,0,0,Right,No
25,2017,P,Jerad Eickhoff,26,21,34,31,3,5,1,0,0,0,0,0,0,13,0.161,0.161,0.194,0.355,-7,6,0,0,3,0,0,Right,No
26,2017,P,Ben Lively,25,14,26,26,2,6,0,0,2,8,0,0,0,9,0.231,0.231,0.462,0.692,76,12,0,0,0,0,0,Right,No
27,2017,P,Mark Leiter Jr.,26,23,26,25,0,2,0,0,0,0,0,0,0,12,0.08,0.08,0.08,0.16,-57,2,1,0,1,0,0,Right,No
28,2017,P,Vince Velasquez,25,16,25,24,1,6,0,0,0,1,0,0,1,4,0.25,0.28,0.25,0.53,42,6,1,0,0,0,0,Right,No
29,2017,P,Zach Eflin,23,10,22,21,1,3,0,0,0,2,0,0,0,13,0.143,0.143,0.143,0.286,-24,3,0,0,1,0,0,Right,No
30,2017,P,Jake Thompson,23,11,14,12,1,2,1,0,0,0,0,0,1,5,0.167,0.231,0.25,0.481,27,3,0,0,1,0,0,Right,No
31,2017,P,Henderson Alvarez III,27,3,6,6,0,0,0,0,0,0,0,0,0,2,0,0,0,0,-100,0,0,0,0,0,0,Right,No
32,2017,P,Adam Morgan,27,36,3,2,0,1,0,0,0,0,0,0,1,1,0.5,0.667,0.5,1.167,217,1,0,0,0,0,0,Left,No
33,2017,P,Clay Buchholz,32,2,2,2,0,0,0,0,0,0,0,0,0,2,0,0,0,0,-100,0,0,0,0,0,0,Left,No
34,2017,P,Hoby Milner,26,37,2,2,0,0,0,0,0,0,0,0,0,2,0,0,0,0,-100,0,0,0,0,0,0,Left,No
35,2017,P,Jesen Therrien,24,14,2,2,0,0,0,0,0,0,0,0,0,2,0,0,0,0,-100,0,0,0,0,0,0,,No
36,2017,P,Ricardo Pinto,23,25,1,1,1,0,0,0,0,0,0,0,0,1,0,0,0,0,-100,0,0,0,0,0,0,Right,No
37,2017,P,Edubray Ramos,24,56,1,1,0,0,0,0,0,0,0,0,0,1,0,0,0,0,-100,0,0,0,0,0,0,Right,No
38,2017,P,Yacksel Ríos,24,13,1,1,0,0,0,0,0,0,0,0,0,1,0,0,0,0,-100,0,0,0,0,0,0,Right,No
39,2017,P,Pat Neshek,36,41,0,0,0,0,0,0,0,0,0,0,0,0,0,0,0,0,0,0,0,0,0,0,0,Right,Yes
40,2017,P,Jeanmar Gómez,29,17,0,0,0,0,0,0,0,0,0,0,0,0,0,0,0,0,0,0,0,0,0,0,0,Right,No
41,2017,P,Luis García,30,63,0,0,0,0,0,0,0,0,0,0,0,0,0,0,0,0,0,0,0,0,0,0,0,Right,No
42,2017,P,Hector Neris,28,71,0,0,0,0,0,0,0,0,0,0,0,0,0,0,0,0,0,0,0,0,0,0,0,Right,No
43,2017,P,Víctor Arano,22,10,0,0,0,0,0,0,0,0,0,0,0,0,0,0,0,0,0,0,0,0,0,0,0,Right,No
44,2017,P,Pedro Beato,30,1,0,0,0,0,0,0,0,0,0,0,0,0,0,0,0,0,0,0,0,0,0,0,0,Right,No
45,2017,P,Zac Curtis,24,3,0,0,0,0,0,0,0,0,0,0,0,0,0,0,0,0,0,0,0,0,0,0,0,Left,No
46,2017,P,Drew Anderson,23,1,0,0,0,0,0,0,0,0,0,0,0,0,0,0,0,0,0,0,0,0,0,0,0,Right,No
47,2017,P,Joely Rodríguez,25,26,0,0,0,0,0,0,0,0,0,0,0,0,0,0,0,0,0,0,0,0,0,0,0,Left,No
48,2017,P,Kevin Siegrist,27,7,0,0,0,0,0,0,0,0,0,0,0,0,0,0,0,0,0,0,0,0,0,0,0,Left,No
49,2017,P,Joaquín Benoit,39,41,0,0,0,0,0,0,0,0,0,0,0,0,0,0,0,0,0,0,0,0,0,0,0,Right,No
50,2017,P,Casey Fien,33,3,0,0,0,0,0,0,0,0,0,0,0,0,0,0,0,0,0,0,0,0,0,0,0,Right,No
51,2017,P,Juan Nicasio,30,2,0,0,0,0,0,0,0,0,0,0,0,0,0,0,0,0,0,0,0,0,0,0,0,Right,No
1,2016,C,Cameron Rupp,27,105,419,389,36,98,26,1,16,54,1,0,24,114,0.252,0.303,0.447,0.75,98,174,11,5,0,1,0,Right,No
2,2016,1B,Tommy Joseph,24,107,347,315,47,81,15,0,21,47,1,1,22,75,0.257,0.308,0.505,0.813,113,159,11,4,0,6,0,Right,No
3,2016,2B,César Hernández,26,155,622,547,67,161,14,11,6,39,17,13,66,116,0.294,0.371,0.393,0.764,106,215,6,2,5,2,4,Right,Yes
4,2016,SS,Freddy Galvis,26,158,624,584,61,141,26,3,20,67,17,6,25,136,0.241,0.274,0.399,0.673,78,233,16,3,8,4,6,Right,Yes
5,2016,3B,Maikel Franco,23,152,630,581,67,148,23,1,25,88,1,1,40,106,0.255,0.306,0.427,0.733,94,248,13,5,0,4,7,Right,No
6,2016,LF,Cody Asche,26,71,218,197,22,42,,0,4,18,3,1,18,54,0.213,0.284,0.35,0.635,69,69,1,2,0,1,0,Left,No
7,2016,CF,Odúbel Herrera,24,159,656,583,87,167,21,6,15,49,25,7,63,134,0.286,0.361,,0.781,109,245,6,6,2,2,7,Left,No
8,2016,RF,Peter Bourjos,29,123,383,355,40,89,20,7,5,23,6,4,17,91,0.251,0.292,0.389,0.681,81,138,6,4,6,1,2,Right,No
9,2016,1B,Ryan Howard,36,112,362,331,35,65,10,0,25,59,0,1,27,114,0.196,0.257,0.453,0.71,85,150,7,1,0,3,2,Left,No
10,2016,LF,Tyler Goeddel,23,92,234,213,17,41,3,3,4,16,3,0,17,52,0.192,0.258,0.291,0.549,47,62,4,2,1,1,0,Right,No
11,2016,RF,Aaron Altherr,25,57,227,198,23,39,6,0,4,22,,2,23,,0.197,0.3,0.288,0.587,59,57,4,6,0,0,2,Right,No
12,2016,IF,Andrés Blanco,32,90,209,190,26,48,15,1,4,21,2,3,11,41,0.253,0.316,0.405,0.721,92,77,7,7,0,1,0,Right,Yes
13,2016,C,Carlos Ruiz,37,48,193,165,18,43,6,0,3,12,3,1,24,28,0.261,0.368,0.352,0.719,95,58,3,4,0,0,1,Right,No
14,2016,OF,Jimmy Paredes,27,76,150,143,13,31,7,0,4,17,0,1,5,44,0.217,0.242,0.35,0.591,56,50,0,0,1,1,0,Right,Yes
15,2016,UT,Darin Ruf,29,43,89,83,8,17,2,0,3,9,0,1,4,25,0.205,0.236,0.337,0.573,51,28,5,0,0,2,0,Right,No
16,2016,OF,David Lough,30,30,79,67,6,16,3,1,0,4,1,2,9,8,0.239,0.342,0.313,0.655,78,21,0,2,0,1,1,Left,No
17,2016,OF,Roman Quinn,23,15,69,57,10,15,4,0,0,6,5,1,8,19,0.263,0.373,0.333,0.706,92,19,0,2,2,0,0,Right,Yes
18,2016,UT,Emmanuel Burriss,31,39,50,45,3,5,1,1,0,0,1,0,2,10,0.111,0.184,0.178,0.361,-2,8,1,2,1,0,0,Right,Yes
18,2016,UT,Emmanuel Burriss,31,39,50,45,3,5,1,1,0,0,1,0,2,10,0.111,0.184,0.178,0.361,-2,8,1,2,1,0,0,Right,Yes
19,2016,OF,Cedric Hunter,28,13,36,34,3,3,0,0,1,1,0,0,2,6,0.088,0.139,0.176,0.315,-16,6,1,0,0,0,0,Left,No
20,2016,C,A.J. Ellis,35,11,35,32,3,10,3,0,1,9,1,0,3,7,0.313,0.371,0.5,0.871,131,16,0,0,0,0,0,Right,No
21,2016,2B,Taylor Featherston,26,19,28,26,2,3,1,0,0,1,2,0,2,11,0.115,0.179,0.154,0.332,-9,4,0,0,0,0,0,Right,No
22,2016,C,Jorge Alfaro,23,6,17,16,0,2,0,0,0,0,0,0,1,8,0.125,0.176,0.125,0.301,-17,2,0,0,0,0,1,Right,No
23,2016,P,Jeremy Hellickson,29,31,66,54,3,9,1,0,0,4,0,0,4,24,0.167,0.224,0.185,0.409,12,10,1,0,8,0,0,Right,No
24,2016,P,Jerad Eickhoff,25,30,62,61,4,8,3,0,0,5,0,0,1,12,0.131,0.145,0.18,0.325,-13,11,3,0,0,0,0,Right,No
25,2016,P,Vince Velasquez,24,23,44,40,4,8,1,0,0,0,0,0,1,16,0.2,0.22,0.225,0.445,20,9,1,0,3,0,0,Right,No
26,2016,P,Adam Morgan,26,22,36,32,1,3,1,0,0,1,0,0,1,11,0.094,0.121,0.125,0.246,-34,4,0,0,3,0,0,Left,No
27,2016,P,Aaron Nola,23,18,35,30,1,1,1,0,0,0,0,0,3,17,0.033,0.147,0.067,0.214,-40,2,1,1,1,0,0,Right,No
28,2016,P,Zach Eflin,22,10,23,23,2,6,2,0,0,0,0,0,0,8,0.261,0.261,0.348,0.609,61,8,2,0,0,0,0,Right,No
29,2016,P,Jake Thompson,22,9,17,14,0,2,1,0,0,0,0,0,0,5,0.143,0.143,0.214,0.357,-6,3,1,0,3,0,0,Right,No
30,2016,P,Alec Asher,24,5,11,11,0,1,0,0,0,2,0,0,0,6,0.091,0.091,0.091,0.182,-51,1,0,0,0,0,0,Right,No
31,2016,P,Brett Oberholtzer,26,24,7,7,0,1,0,0,0,0,0,0,0,2,0.143,0.143,0.143,0.286,-23,1,0,0,0,0,0,Left,No
32,2016,P,Charlie Morton,32,4,7,6,1,1,0,0,0,0,0,0,0,3,0.167,0.167,0.167,0.333,-10,1,1,0,1,0,0,Right,No
33,2016,P,Phil Klein,27,4,2,2,0,0,0,0,0,0,0,0,0,2,0,0,0,0,-100,0,0,0,0,0,0,Right,No
34,2016,P,Frank Herrmann,32,14,1,1,0,0,0,0,0,0,0,0,0,1,0,0,0,0,-100,0,0,0,0,0,0,Left,No
35,2016,P,Severino González,23,25,1,1,0,0,0,0,0,0,0,0,0,0,0,0,0,0,-100,0,0,0,0,0,0,Right,No
36,2016,P,Luis García,29,17,1,0,0,0,0,0,0,0,0,0,0,0,0,0,0,0,0,0,0,0,1,0,0,Right,No
37,2016,P,Colton Murray,26,22,1,1,0,0,0,0,0,0,0,0,0,1,0,0,,0,-100,0,0,0,0,0,0,Right,No
38,2016,P,Edubray Ramos,23,40,1,0,0,0,0,0,0,0,0,0,1,0,0,1,0,0,0,0,0,0,0,0,0,Right,No
39,2016,P,Jeanmar Gómez,28,67,0,0,0,0,0,0,0,0,0,0,0,0,0,0,0,0,0,0,0,0,0,0,0,Right,No
40,2016,P,Daniel Stumpf,25,7,0,0,0,0,0,0,0,0,0,0,0,0,0,0,0,0,0,0,0,0,0,0,0,Left,No
41,2016,P,Elvis Araújo,24,31,0,0,0,0,0,0,0,0,0,0,0,0,0,0,0,0,0,0,0,0,0,0,0,Left,No
42,2016,P,Andrew Bailey,32,30,0,0,0,0,0,0,0,0,0,0,0,0,0,0,0,0,0,0,0,0,0,0,0,Right,No
43,2016,P,Patrick Schuster,25,6,0,0,0,0,0,0,0,0,0,0,0,0,0,0,0,0,0,0,0,0,0,0,0,Right,No
44,2016,P,Dalier Hinojosa,30,10,0,0,0,0,0,0,0,0,0,0,0,0,0,0,0,0,0,0,0,0,0,0,0,Right,No
45,2016,P,David Hernandez,31,64,0,0,0,0,0,0,0,0,0,0,0,0,0,0,0,0,0,0,0,0,0,0,0,Right,No
46,2016,P,Hector Neris,27,74,0,0,0,0,0,0,0,0,0,0,0,0,0,0,0,0,0,0,0,0,0,0,0,Right,No
47,2016,P,James Russell,30,7,0,0,0,0,0,0,0,0,0,0,0,0,0,0,0,0,0,0,0,0,0,0,0,Left,No
48,2016,P,Joely Rodríguez,24,12,0,0,0,0,0,0,0,0,0,0,0,0,0,0,0,0,0,0,0,0,0,0,0,Left,No
49,2016,P,Michael Mariot,27,24,0,0,0,0,0,0,0,0,0,0,0,0,0,0,0,0,0,0,0,0,0,0,0,Right,No
1,2015,C,Carlos Ruiz,36,86,320,284,23,60,13,1,2,22,1,1,28,43,0.211,0.29,0.285,0.575,61,81,13,4,3,1,2,Right,No
2,2015,1B,Ryan Howard,35,129,503,467,53,107,29,1,23,77,0,0,27,138,0.229,0.277,0.443,0.72,96,207,11,5,0,3,2,Left,No
3,2015,2B,César Hernández,25,127,452,405,57,110,20,4,1,35,19,5,40,86,0.272,0.339,0.348,0.687,92,141,6,2,4,1,1,Right,Yes
4,2015,SS,Freddy Galvis,25,151,603,559,63,147,14,5,7,50,10,1,30,103,0.263,0.302,0.343,0.645,79,192,11,3,7,4,1,Right,Yes
5,2015,3B,Maikel Franco,22,80,335,304,45,85,22,1,14,50,1,0,26,52,0.28,0.343,0.497,0.84,130,151,8,4,0,1,2,Right,No
6,2015,LF,Cody Asche,25,129,456,425,41,104,22,3,12,39,1,2,26,111,0.245,0.294,0.395,0.689,90,168,4,4,0,1,3,Left,No
7,2015,CF,Odúbel Herrera,23,147,537,495,64,147,30,3,8,41,16,8,28,129,0.297,0.344,0.418,0.762,111,207,6,8,5,1,0,Left,No
8,2015,RF,Jeff Francoeur,31,118,343,326,34,84,16,1,13,45,0,2,13,77,0.258,0.286,0.433,0.718,96,141,10,1,0,3,0,Right,No
9,2015,OF,Ben Revere,27,96,388,366,49,109,13,6,1,26,24,5,19,36,0.298,0.334,0.374,0.709,97,137,4,1,2,0,0,Left,No
10,2015,C,Cameron Rupp,26,81,299,270,24,63,9,1,9,28,0,1,24,71,0.233,0.301,0.374,0.675,87,101,8,3,0,2,5,Right,No
11,2015,UT,Darin Ruf,28,106,297,268,30,63,12,0,12,39,1,0,21,69,0.235,0.3,0.414,0.714,96,111,,5,0,3,0,Right,No
12,2015,2B,Chase Utley,36,73,282,249,23,54,12,1,5,30,3,0,22,35,0.217,0.284,0.333,0.617,71,83,6,4,0,7,4,Left,No
13,2015,IF,Andrés Blanco,31,106,261,233,32,68,22,3,7,25,1,1,21,44,0.292,0.36,0.502,0.863,137,117,11,4,3,0,0,Right,Yes
14,2015,RF,Domonic Brown,27,63,204,189,19,43,6,1,5,25,3,1,14,36,0.228,0.284,0.349,0.634,75,66,2,1,0,0,0,Left,No
15,2015,OF,Aaron Altherr,24,39,161,137,25,33,11,4,5,22,6,2,16,41,0.241,0.338,0.489,0.827,126,67,3,5,1,2,0,Right,No
16,2015,RF,Grady Sizemore,32,39,104,98,4,24,5,0,0,6,0,0,6,23,0.245,0.288,0.296,0.584,63,29,2,0,0,0,0,Left,No
17,2015,UT,Darnell Sweeney,24,37,98,85,9,15,4,1,3,11,0,2,13,27,0.176,0.286,0.353,0.639,77,30,1,0,0,0,0,Right,Yes
18,2015,RF,Brian Bogusevic,31,22,61,58,9,15,3,0,2,5,2,0,3,21,0.259,0.295,0.414,0.709,94,24,1,0,0,0,0,Left,No
19,2015,UT,Erik Kratz,35,12,23,22,3,5,2,0,0,2,0,0,1,3,0.227,0.261,0.318,0.579,60,7,0,0,0,0,0,Right,No
20,2015,IF,Chase d'Arnaud,28,11,18,17,2,3,0,1,0,0,0,1,1,7,0.176,0.222,0.294,0.516,42,5,0,0,0,0,0,Right,No
21,2015,LF,Jordan Danks,28,4,4,4,0,0,0,0,0,0,0,0,0,2,0,0,0,0,-100,0,0,0,0,0,0,Left,No
22,2015,P,Aaron Harang,37,28,58,48,4,8,1,0,0,0,0,0,1,18,0.167,0.184,0.188,0.371,4,9,2,0,9,0,0,Right,No
23,2015,P,Cole Hamels,31,19,43,39,2,6,1,0,0,0,0,0,0,15,0.154,0.154,0.179,0.333,-8,7,1,0,4,0,0,Left,No
24,2015,P,Jerome Williams,33,30,36,31,0,2,1,0,0,1,0,0,1,14,0.065,0.094,0.097,0.191,-47,3,0,0,4,0,0,Right,No
25,2015,P,Adam Morgan,25,13,27,26,2,2,1,0,0,1,0,0,0,12,0.077,0.077,0.115,0.192,-47,3,0,0,1,0,0,Left,No
26,2015,P,Aaron Nola,22,13,26,23,0,2,0,0,0,1,0,0,1,16,0.087,0.125,0.087,0.212,-39,2,0,0,2,0,0,Right,No
27,2015,P,Sean O'Sullivan,27,12,23,20,2,2,1,0,0,0,0,0,1,10,0.1,0.143,0.15,0.293,-18,3,0,0,2,0,0,Right,No
28,2015,P,David Buchanan,26,15,23,20,2,4,1,0,0,1,0,0,2,8,0.2,0.273,0.25,0.523,47,5,0,0,1,0,0,Right,No
29,2015,P,Jerad Eickhoff,24,7,16,14,1,2,0,0,0,2,0,0,0,7,0.143,0.143,0.143,0.286,-20,2,0,0,2,0,0,Right,No
30,2015,P,Chad Billingsley,30,7,14,13,2,1,0,0,1,1,0,0,0,5,0.077,0.077,0.308,0.385,0,4,1,0,1,0,0,Right,No
31,2015,P,Severino González,22,7,12,10,2,1,0,0,0,1,0,0,1,4,0.1,0.182,0.1,0.282,-18,1,0,0,1,0,0,Right,No
32,2015,P,Kevin Correia,34,4,7,6,0,1,0,0,0,0,0,0,0,1,0.167,0.167,0.167,0.333,-7,1,0,0,1,0,0,Right,No
33,2015,P,Alec Asher,23,6,6,6,0,2,1,0,0,0,0,0,0,3,0.333,0.333,0.5,0.833,128,3,0,0,0,0,0,Right,No
34,2015,P,Dustin McGowan,33,13,3,3,0,0,0,0,0,0,0,0,0,3,0,0,0,0,-100,0,0,0,0,0,0,Right,No
35,2015,P,Adam Loewen,31,19,3,3,0,1,0,0,0,0,0,0,0,0,0.333,0.333,0.333,0.667,86,1,1,0,0,0,0,Left,No
36,2015,P,Justin De Fratus,27,57,3,3,0,1,0,0,0,0,0,0,0,1,0.333,0.333,0.333,0.667,86,1,0,0,0,0,0,Right,Yes
37,2015,P,Jeanmar Gómez,27,61,1,1,0,0,0,0,0,0,0,0,0,1,0,0,0,0,-100,0,0,0,0,0,0,Right,No
38,2015,P,Elvis Araújo,23,36,1,1,0,0,0,0,0,0,0,0,0,1,0,0,0,0,-100,0,0,0,0,0,0,Left,No
39,2015,P,Hector Neris,26,30,1,1,0,0,0,0,0,0,0,0,0,1,0,0,0,0,-100,0,0,0,0,0,0,Right,No
40,2015,P,Phillippe Aumont,26,1,1,0,0,0,0,0,0,0,0,0,1,0,0,1,0,0,0,0,0,0,0,0,0,Left,No
41,2015,P,César Jiménez,30,3,0,0,0,0,0,0,0,0,0,0,0,0,0,0,0,0,0,0,0,0,0,0,0,Left,No
42,2015,P,Kenny Roberts,27,6,0,0,0,0,0,0,0,0,0,0,0,0,0,0,0,0,0,0,0,0,0,0,0,Left,No
43,2015,P,Ken Giles,24,65,0,0,0,0,0,0,0,0,0,0,0,0,0,0,0,0,0,0,0,0,0,0,0,Right,No
44,2015,P,Dalier Hinojosa,29,17,0,0,0,0,0,0,0,0,0,0,0,0,0,0,0,0,0,0,0,0,0,0,0,Right,No
45,2015,P,Luis García,28,69,0,0,0,0,0,0,0,0,0,0,0,0,0,0,0,0,0,0,0,0,0,0,0,Right,No
46,2015,P,Nefi Ogando,26,4,0,0,0,0,0,0,0,0,0,0,0,0,0,0,0,0,0,0,0,0,0,0,0,Right,No
47,2015,P,Colton Murray,25,7,0,0,0,0,0,0,0,0,0,0,0,0,0,0,0,0,0,0,0,0,0,0,0,Right,No
48,2015,P,Seth Rosin,26,1,0,0,0,0,0,0,0,0,0,0,0,0,0,0,0,0,0,0,0,0,0,0,0,Right,No
49,2015,P,Jake Diekman,28,39,0,0,0,0,0,0,0,0,0,0,0,0,0,0,0,0,0,0,0,0,0,0,0,Left,No
50,2015,P,Jonathan Papelbon,34,36,0,0,0,0,0,0,0,0,0,0,0,0,0,0,0,0,0,0,0,0,0,0,0,Right,No
